{


    "Смартфон Apple iPhone 16 Pro Max 256Gb Dual eSim золотистый":{
        "brand": "Apple",
        "model": "iPhone 16 Pro Max 256Gb Dual eSim",
        "OS": "IOS",
        "screen": {
            "width": 1320,
            "height": 2868
        },
        "RAM": 8,
        "ROM": 256,
        "camera": 48,
        "battery": 4685,
        "images": [
            "images/87295491702814.png",
            "images/87295491735582.png",
            "images/87295491768350.png",
            "images/87295491801118.png"
        ],
        "simSlots": 2
    },
    "Смартфон Samsung Galaxy A16 256GB Black": {
        "brand": "Samsung",
        "model": "Galaxy A16 5G 256GB",
        "OS": "Android 14 / One UI",
        "screen": {"width": 1080, "height": 2340},
        "RAM": 8,
        "ROM": 256,
        "camera": 50,
        "battery": 5000,
        "images": [
            "images/galaxy_a16_black_1.png",
            "images/galaxy_a16_black_2.png",
            "images/galaxy_a16_black_3.png",
            "images/galaxy_a16_black_4.png"
        ],
        "simSlots": 2
    },
    "Смартфон HONOR X9c SMART 8/256Gb Зеленый": {
        "brand": "HONOR",
        "model": "X9c Smart 5G 8GB/256GB",
        "OS": "Android 14 / MagicOS 8",
        "screen": {"width": 1080, "height": 2412},
        "RAM": 8,
        "ROM": 256,
        "camera": 108,
        "battery": 5800,
        "images": [
            "images/honor_x9c_green_1.png",
            "images/honor_x9c_green_2.png",
            "images/honor_x9c_green_3.png",
            "images/honor_x9c_green_4.png"
        ],
        "simSlots": 2
    },
    "Смартфон Motorola Edge 60 Fusion 12/256GB Slipstream": {
        "brand": "Motorola",
        "model": "Edge 60 Fusion 5G 12GB/256GB",
        "OS": "Android 15",
        "screen": {"width": 1220, "height": 2712},
        "RAM": 12,
        "ROM": 256,
        "camera": 50,
        "battery": 5200,
        "images": [
            "images/moto_edge60_fusion_1.png",
            "images/moto_edge60_fusion_2.png",
            "images/moto_edge60_fusion_3.png",
            "images/moto_edge60_fusion_4.png"
        ],
        "simSlots": 2
    },
    "Смартфон Nubia Neo 2 5G 8/256GB Silver": {
        "brand": "Nubia",
        "model": "Neo 2 5G 8GB/256GB",
        "OS": "Android 14‑15 (зависит от рынка)",
        "screen": {"width": 1080, "height": 2400},
        "RAM": 8,
        "ROM": 256,
        "camera": 50,
        "battery": 6000,
        "images": [
            "images/nubia_neo2_silver_1.png",
            "images/nubia_neo2_silver_2.png",
            "images/nubia_neo2_silver_3.png",
            "images/nubia_neo2_silver_4.png"
        ],
        "simSlots": 2
    }








}